iter	Logloss
0	0.6434558105
1	0.5950357819
2	0.5645780945
3	0.5241833496
4	0.4878784943
5	0.4525270081
6	0.4210298157
7	0.3950122833
8	0.3701381302
9	0.3476856995
